source,amount,percentage
Earned income,987432,33.919665829637694
Individual donations,20371,0.6997722502567767
Corporate sponsorships,8860,0.30435335218079823
Trusts and foundations,170577,5.859557760151696
Public funding,1723850,59.21665080777303
