source,total
Earned income,151.30995827501638
Individual donations,4.806279018417482
Corporate sponsorships,3.566643351024717
Trusts and foundations,28.095483779184747
Public funding,212.22163557635662
