source,total
Earned income,117.3902924453787
Individual donations,4.106506768160704
Corporate sponsorships,3.2622899988439187
Trusts and foundations,22.23592601903305
Public funding,153.0049847685836
